review_id,review_text
1,The product quality is amazing and delivery was fast
2,Customer support was okay not great
3,Very disappointed with the service
4,Excellent experience will buy again
5,Worst product ever
6,Loved the packaging and build quality
7,The item arrived late but works fine
8,Terrible experience with customer care
9,Absolutely fantastic performance
10,Not satisfied with the product
11,Great value for money
12,Average quality nothing special
13,The service team was very rude
14,Super smooth experience from order to delivery
15,Product stopped working after one week
16,I am very happy with this purchase
17,Delivery was delayed and box was damaged
18,Outstanding quality and premium feel
19,Customer service did not respond
20,Really impressed with the product
21,The product is decent for the price
22,Very poor quality materials used
23,Quick delivery and excellent support
24,Not worth the money at all
25,I would highly recommend this product
26,The performance is below expectations
27,Packaging was neat and secure
28,Had a bad experience overall
29,Extremely satisfied with my order
30,The product feels cheap
31,Support team resolved my issue quickly
32,Neutral experience nothing memorable
33,The product broke during first use
34,Amazing design and functionality
35,The app interface is confusing
36,Great customer service experience
37,Disappointed by the low battery life
38,Everything works perfectly
39,Not happy with the return process
40,Five stars for quality and service
41,The product is okay but overpriced
42,Terrible shipping experience
43,Excellent build and smooth performance
44,Customer care was unhelpful
45,Happy with the overall purchase
46,The product lacks basic features
47,Delivery was faster than expected
48,Very frustrating experience
49,Highly satisfied and would buy again
50,The product does not match description
51,Good quality but average support
52,Worst experience I have had
53,The product works as advertised
54,Nothing impressive about the service
55,Great design and comfortable to use
56,Not reliable for daily use
57,Very smooth ordering process
58,The product feels outdated
59,Excellent customer interaction
60,Not impressed at all
